text,confidence
Specialni nabidka,0.85
Polevka,0.8971066763425243
bila redkev, pazitka,0.8149800435413634
safranova majoneza, toast,0.8810836357039171
Dezerty,0.9436611030478878
Syry,0.7810159651669026
Variace italskych syru, domaci marmelada,0.8074999999999991
